q,Np,model,s,nreal,a,x_exact,x_ds,r,r_se,a4_over_a,a4_se,a6_over_a,a6_se,T4_over_free,T4_se,T6_over_free,T6_se,ks,atoms,T2_chord_xds,T2_chord_xex
3,8,haar,1,2,0.7714285714285715,0.25,0.4723665527410147,0.7766215635206939,0.0007762850604451365,1.0091259921218736,0.0021344590930766345,1.0102774883552557,0.0028357097201406885,1.0045325849210265,0.0008139907565137827,1.0026940861348326,0.0013988669838788101,0.028930453121916222,0.7037037037037037,0.8320730117390422,0.8011608628019509
3,8,haar,2,2,0.7714285714285715,-0.07142857142857142,0.22313016014842982,0.7742647462823262,0.0036369332259953424,1.0042772646767006,0.00876911133926761,1.003605283304453,0.013962502185771162,1.002971388518469,0.0026123306344284503,1.002614421039533,0.001094281729476454,0.02456238410732292,0.7037037037037037,0.7987644208550666,0.7903980245978407
3,8,haar,3,2,0.7714285714285715,-0.10714285714285714,0.10539922456186433,0.7722549121692242,0.0035184857250529773,1.0010842346851623,0.0067305076820387555,1.0010283255298515,0.008006442403713452,1.0013164970126691,0.0022145879154899513,1.0015149660376839,0.0009622752262473665,0.024485452879970976,0.7037037037037037,0.7915175813434118,0.7915867036347592
3,8,haar,4,2,0.7714285714285715,0.0,0.049787068367863944,0.7732857038425971,0.001150397152575422,1.0056946894239658,0.003418184424570203,1.0092411000235804,0.005225557977034278,0.9999772932281359,0.000374254508265448,0.9993646186065074,0.0002918762475354608,0.024971536155747126,0.7037037037037037,0.7899096018184637,0.789448367273989
3,8,syk,1,4,0.7714285714285715,0.25,0.4723665527410147,0.8175563675248745,0.008242492711004475,1.0683164037908937,0.013101031039261819,1.0720547202353168,0.014031915967836777,1.0623410951338434,0.008613666738798311,1.0600973763877095,0.006341177378912044,0.047148554524363034,0.7407407407407407,0.8320730117390422,0.8011608628019509
3,8,syk,2,4,0.7714285714285715,-0.07142857142857142,0.22313016014842982,0.7758938119381704,0.015135155495164213,1.0098268719006112,0.03082679827796512,1.0126140006403963,0.04294541547476145,1.002143987882181,0.012228749070970733,1.0015343213007362,0.009185176983430007,0.044288490564338506,0.7037037037037037,0.7987644208550666,0.7903980245978407
3,8,syk,3,4,0.7714285714285715,-0.10714285714285714,0.10539922456186433,0.7690591878217073,0.004338336331547763,0.9956150759804839,0.00744013159536085,0.994923802649564,0.008357559497079104,0.9980824568096219,0.004568003639607261,0.9991537705938659,0.0032362393849678455,0.023001272810849405,0.7037037037037037,0.7915175813434118,0.7915867036347592
3,8,syk,4,4,0.7714285714285715,0.0,0.049787068367863944,0.7726247647250505,0.002620213050079895,1.0036114881411922,0.004947566752684855,1.0050780241867727,0.006000910573697818,0.998049216852219,0.002266434272174964,0.9976737482574061,0.0017805815942910704,0.02999223817413381,0.7037037037037037,0.7899096018184637,0.789448367273989
3,10,haar,1,2,0.6428571428571429,0.4,0.5488116360940264,0.6416915717681035,0.0006158815822929208,0.9970533970473825,0.002415997274047898,0.9962574966646316,0.0036105030302768792,0.998811784043977,0.0005944772943419774,0.9992137399031578,0.001220031851015324,0.009834303043623482,0.4444444444444444,0.7559603210669223,0.7147952307544466
3,10,haar,2,2,0.6428571428571429,0.06666666666666667,0.30119421191220214,0.645021234704495,0.00043104794008180786,1.0047990846662331,0.002949970782071709,1.0055505891155712,0.005524532429633133,1.0031569398699358,0.0009731280471487745,1.0025165568829553,0.0017643831551116262,0.01105871171704087,0.4444444444444444,0.6954406165265602,0.6720772272296415
3,10,haar,3,2,0.6428571428571429,-0.06666666666666667,0.16529888822158653,0.6431243655742982,0.00018922628793038854,1.0014513351871073,0.0004321773170784526,1.0020593983300943,0.00043574473093532795,0.999030223657963,0.0001380407697847419,0.9981418431610963,3.5062231364624274e-05,0.011815385404354173,0.4444444444444444,0.6781951304934121,0.6720772272296415
3,10,haar,4,2,0.6428571428571429,-0.06666666666666667,0.09071795328941251,0.6415703956859176,0.0007764831392696459,0.997444019389432,0.0004147887388633586,0.9971430212476793,0.0004262187035132814,0.9973007711242177,0.0024695025023634964,0.9973292827383433,0.003348705962911091,0.011134401468382057,0.4444444444444444,0.6730855851801016,0.6720772272296415
3,10,haar,5,2,0.6428571428571429,0.0,0.049787068367863944,0.6417785324897297,0.0018815213198620782,0.9971633319397641,0.0033547071887852216,0.9963053487876223,0.003350813001290087,0.9990397965290019,0.0038432510437255703,0.9994195826946626,0.00390953045618353,0.012292453719987273,0.4444444444444444,0.6715541874506569,0.670895210902185
3,10,syk,1,4,0.6428571428571429,0.4,0.5488116360940264,0.7355867001498391,0.00864334535246488,1.157865222065431,0.015588177674392502,1.1636450663046314,0.01640468859485784,1.1937874973079923,0.01550278576500522,1.219697537192527,0.015564011865054546,0.07142039298385323,0.5555555555555556,0.7559603210669223,0.7147952307544466
3,10,syk,2,4,0.6428571428571429,0.06666666666666667,0.30119421191220214,0.6545803510224908,0.006281422532297607,1.0176042533556473,0.013919442658304441,1.0193730808581103,0.01625622827746614,1.0319123471415332,0.008418472847982738,1.0401399450331172,0.0073752159866722995,0.027829487649160947,0.4567901234567901,0.6954406165265602,0.6720772272296415
3,10,syk,3,4,0.6428571428571429,-0.06666666666666667,0.16529888822158653,0.6436577359833715,0.0031927866661131035,0.9952162767391255,0.006724258181433585,0.9906413031710372,0.00783887783853956,1.010355300780367,0.0054761422885109675,1.015734826309992,0.005127420690546889,0.016072969535410535,0.4444444444444444,0.6781951304934121,0.6720772272296415
3,10,syk,4,4,0.6428571428571429,-0.06666666666666667,0.09071795328941251,0.641546794546143,0.003115757197748856,0.9922434116179779,0.0066914055571884725,0.9876902076132151,0.007785593885040592,1.0042712606405195,0.00485620040655619,1.0080072226288375,0.00432301170848648,0.02061656823596489,0.4444444444444444,0.6730855851801016,0.6720772272296415
3,10,syk,5,4,0.6428571428571429,0.0,0.049787068367863944,0.6492753994626169,0.004494626244488581,1.0107196962539207,0.00984677497967493,1.010795040426698,0.011443331347122011,1.0139741461777176,0.006503408754912741,1.0159469745090826,0.0055305396587674565,0.013807298123553371,0.4444444444444444,0.6715541874506569,0.670895210902185
3,12,haar,1,2,0.525974025974026,0.5,0.6065306597126334,0.5260967172252178,8.198119998953368e-05,1.0008132384643131,0.0008646389313953784,1.0013089268562099,0.0018646590814044293,0.9997593258285754,0.0013486921379107784,0.9994590464786755,0.0020281064313648067,0.004558989758490742,0.09876543209876543,0.6904195595786808,0.6450503671956583
3,12,haar,2,2,0.525974025974026,0.18181818181818182,0.36787944117144233,0.5264088162488342,0.00011683776248661014,1.0001765537637985,0.0008656292383951713,0.9991690957204106,0.0018987980254813184,1.001723082550819,0.0011487342303435621,1.0022411164467226,0.0019881351561210625,0.004299656159408069,0.13580246913580246,0.6038721166926047,0.5694053254203448
3,12,haar,3,2,0.525974025974026,0.00909090909090909,0.22313016014842982,0.5258816137144081,0.0002139097081533814,0.9994588179811772,0.00037327014524696217,0.9992357047915565,0.000514523554004942,1.0001060891521938,0.0007080888867695978,1.0003903203781985,0.001133679998135295,0.005249634847055845,0.09876543209876543,0.5749039650577193,0.5587209662310222
3,12,haar,4,2,0.525974025974026,-0.05454545454545454,0.1353352832366127,0.5260529599693984,0.0006219895504657735,1.00069579631502,0.001674521027455522,1.0011350675962838,0.0020498802385434662,0.9997038168943724,0.0015622090887396634,0.9994311254284095,0.001779141426461739,0.004528882047393823,0.09876543209876543,0.564603591749368,0.5596501006844267
3,12,haar,5,2,0.525974025974026,-0.045454545454545456,0.0820849986238988,0.5261453857962413,0.0005157630183168505,0.9999581738427799,0.0018333339183211337,0.999715064575176,0.0023684951956026708,1.0009287310018151,0.0006989581902852038,1.0014469242736055,0.0003359814699488428,0.004726136675147818,0.09876543209876543,0.5608610632283494,0.5593579205870045
3,12,haar,6,2,0.525974025974026,0.0,0.049787068367863944,0.5255427435985602,0.00025399593460323494,0.9994493323115525,0.0005703231709090484,0.9999102277812656,0.0003642175539199099,0.9984408913168035,0.000667261236389549,0.9981395479043562,0.0005603844538191182,0.004822250402380379,0.09876543209876543,0.5594905222520636,0.5586944422138028
3,12,syk,1,4,0.525974025974026,0.5,0.6065306597126334,0.6987885673348159,0.011148276293836818,1.3628216592605766,0.02368246836127167,1.3764901042237803,0.024207112347829823,1.4910948247517115,0.02935307379505905,1.6032474952279925,0.03304251948616899,0.11985462724767476,0.3292181069958848,0.6904195595786808,0.6450503671956583
3,12,syk,2,4,0.525974025974026,0.18181818181818182,0.36787944117144233,0.5710545460497984,0.006213728499889223,1.0819088096679463,0.01247411477517946,1.0714606257464585,0.010951602764459103,1.145951012008977,0.016105858452975113,1.185577474539313,0.016817647464997625,0.05458362822345699,0.17695473251028807,0.6038721166926047,0.5694053254203448
3,12,syk,3,4,0.525974025974026,0.00909090909090909,0.22313016014842982,0.533286385752799,0.002053346535050177,0.993979074069965,0.006563944129394128,0.9780674826136999,0.008793273005282296,1.0443200491782378,0.00397429568830942,1.069616420554396,0.003825163876556443,0.022984356729360497,0.10699588477366255,0.5749039650577193,0.5587209662310222
3,12,syk,4,4,0.525974025974026,-0.05454545454545454,0.1353352832366127,0.524099918622858,0.002502651640590296,0.9737160242225591,0.005655596841280117,0.9559823435325037,0.006141233462107647,1.0174824310899215,0.007175846749976066,1.0363150052607923,0.008237613672950103,0.020415607335687886,0.102880658436214,0.564603591749368,0.5596501006844267
3,12,syk,5,4,0.525974025974026,-0.045454545454545456,0.0820849986238988,0.5286268921106108,0.003854036148762375,0.9872942596404021,0.012948571301108255,0.9731694344144322,0.01754800047338731,1.0268414466885751,0.006801786107429163,1.0454145876682923,0.005754280497697982,0.0173364966405169,0.102880658436214,0.5608610632283494,0.5593579205870045
3,12,syk,6,4,0.525974025974026,0.0,0.049787068367863944,0.5282756773873171,0.0022806491864784946,0.987804333821361,0.007926483752039422,0.9758485052828685,0.010618369746028184,1.0244936975797834,0.003648522237461131,1.042551540903746,0.0026969785460115663,0.018363135187954162,0.102880658436214,0.5594905222520636,0.5586944422138028
3,13,haar,1,1,0.42482517482517484,0.5384615384615384,0.6303131865967198,0.42404061098991735,nan,0.9979618624468815,nan,0.99768201244236,nan,0.99705370678919,nan,0.9963882815639159,nan,0.003026470231019429,0.0,0.6126025748364607,0.5649228965299804
3,13,haar,2,1,0.42482517482517484,0.23076923076923078,0.39729471319771126,0.425170489035206,nan,1.0007709247210637,nan,1.000669697117437,nan,1.0013480076876502,nan,1.0017506776422798,nan,0.0037089197359819748,0.0,0.5121314850206942,0.47433671701337315
3,13,haar,3,1,0.42482517482517484,0.04895104895104895,0.25042009669367926,0.42485919398415267,nan,0.9981586116662252,nan,0.9967732828007538,nan,1.0015971654611378,nan,1.0031316756371362,nan,0.0031919594184356415,0.0,0.4776207197758215,0.45710120833391704
3,13,haar,4,1,0.42482517482517484,-0.03496503496503497,0.15784308913485165,0.4249127764423351,nan,1.0002384819545507,nan,1.0002260017514637,nan,1.0000893396373411,nan,1.0001327517928742,nan,0.0035314633636283066,0.0,0.464644770384411,0.4567117864724534
3,13,haar,5,1,0.42482517482517484,-0.04895104895104895,0.09949058049485845,0.4251466382316777,nan,1.0002079003580546,nan,0.9992366030755979,nan,1.001858508853621,nan,1.0024650938658792,nan,0.003236062443006116,0.0,0.4595991828634395,0.45710120833391704
3,13,haar,6,1,0.42482517482517484,-0.02097902097902098,0.06271022482807168,0.4237622212215154,nan,0.9975817923140375,nan,0.9975112900586246,nan,0.9955615049043642,nan,0.9938953905755389,nan,0.003558736551182301,0.0,0.45761153758511797,0.4564523763990652
3,13,syk,1,4,0.42482517482517484,0.5384615384615384,0.6303131865967198,0.612098620786872,0.003226706587053322,1.4612143709540808,0.010119701873704494,1.4530898845185376,0.013724151342959148,1.7450430923973572,0.011811453059744435,2.011956560231234,0.014411413528340047,0.14322150659076557,0.056241426611796985,0.6126025748364607,0.5649228965299804
3,13,syk,2,4,0.42482517482517484,0.23076923076923078,0.39729471319771126,0.4906225338683866,0.004041270062789604,1.155874855517097,0.013509272308488241,1.1556825240119069,0.01553486542376658,1.2803381726728067,0.011507028332958564,1.3908964696265333,0.013188890577946578,0.06992596702514706,0.00411522633744856,0.5121314850206942,0.47433671701337315
3,13,syk,3,4,0.42482517482517484,0.04895104895104895,0.25042009669367926,0.4392633515845938,0.0027080768426224477,0.9888237094343071,0.011582660464384303,0.9462752135672077,0.01860253670857258,1.0964632904742133,0.007567374241939089,1.1567630960663822,0.008201738043168413,0.029383248560143793,0.0,0.4776207197758215,0.45710120833391704
3,13,syk,4,4,0.42482517482517484,-0.03496503496503497,0.15784308913485165,0.4263162641916932,0.0018810117815795222,0.9541415288701609,0.008811250456880854,0.9069020929545544,0.01448849532702339,1.0448372330594617,0.005009254286906684,1.0867501579511827,0.004969906486209064,0.022592676806993034,0.0,0.464644770384411,0.4567117864724534
3,13,syk,5,4,0.42482517482517484,-0.04895104895104895,0.09949058049485845,0.42419372200816063,0.003818664043619618,0.9489949630520254,0.017885109768633573,0.9011713932633607,0.02883495401407525,1.0349495273453337,0.010005154468680796,1.072798589726914,0.009999561296470517,0.019014302816109212,0.0,0.4595991828634395,0.45710120833391704
3,13,syk,6,4,0.42482517482517484,-0.02097902097902098,0.06271022482807168,0.42335081065255714,0.0035741159347520966,0.9464406281333072,0.015339976197390304,0.8992209287692907,0.023830109198004164,1.0319502005491668,0.010267559738904196,1.0691930657026893,0.011072700701680383,0.019340257121046665,0.0,0.45761153758511797,0.4564523763990652
3,14,haar,1,2,0.42482517482517484,0.5714285714285714,0.6514390575310556,0.4248806938160995,1.7058487210230844e-05,1.000815670147376,6.829661454943459e-05,1.0012942619003078,0.00014657331077250202,0.9996724392957056,0.00015778780475528276,0.9991920661982814,0.00027020476368594393,0.0019511629426346988,0.0,0.6351863438380555,0.589070511059982
3,14,haar,2,2,0.42482517482517484,0.27472527472527475,0.42437284567695,0.4247752835030014,0.00010811637490387715,0.9995485369145491,0.0005720448328630501,0.9989688890661379,0.0008097282620354583,0.9996259014919346,6.878912922225755e-06,0.9993894896806287,0.00019025965959451605,0.0018902148545374975,0.0,0.5264857599273082,0.4859963375061629
3,14,haar,3,2,0.42482517482517484,0.08791208791208792,0.2764530466295643,0.4249371886220653,0.00020675025571181838,1.0001213504799515,0.0007409025726093365,1.0000315304679994,0.0008884227103423403,1.0005713466099175,0.0006365567442501162,1.000858115768731,0.0007106938582644994,0.0017333262603084938,0.0,0.486350249950863,0.4614743660724756
3,14,haar,4,2,0.42482517482517484,-0.01098901098901099,0.1800923121479524,0.4246211236093513,3.226973781428332e-05,0.9992677962926775,0.00017439660809626112,0.9993039327255205,0.00030317509642074914,0.9994358693612359,5.524766180597939e-05,0.999512640514217,5.333553780945132e-05,0.0018026965504788217,0.0,0.47026922755459327,0.4587993357413248
3,14,haar,5,2,0.42482517482517484,-0.04395604395604396,0.11731916609425078,0.42488798362856167,6.039928642592729e-05,1.0002093137546946,0.00016639028853615567,1.000368932402913,3.6726662914876584e-05,1.0002069773892903,0.0002270246273592957,1.0003236328263392,0.00015456430488336445,0.001892328569246926,0.0,0.4636075700005218,0.45943483719784345
3,14,haar,6,2,0.42482517482517484,-0.03296703296703297,0.07642628699076807,0.4249868317941392,0.00011446576366172523,1.0005201451141401,0.00014849493693913637,1.0004280571991009,1.3023012971902226e-05,1.0005631628142415,0.0005927568779865998,1.0005613174283474,0.0008128086691144841,0.0017147256148777367,0.0,0.46080921472954517,0.45913816036534233
3,14,haar,7,2,0.42482517482517484,0.0,0.049787068367863944,0.42470036049077176,5.400952759160304e-05,0.999608133838788,0.00023123683230663603,0.9994202117709112,0.0004782878068142482,0.9995713573233151,0.000510130480678106,0.9993939257674971,0.0008852678950237447,0.0017356193130265152,0.0,0.45962678521678524,0.45875700024897226
3,14,syk,1,4,0.42482517482517484,0.5714285714285714,0.6514390575310556,0.6449233938086952,0.004673815830501911,1.5676832723036438,0.012157969145156391,1.58730911062713,0.012504124096168717,1.8869552354019785,0.01830425883052458,2.212310931871943,0.024585753702282474,0.1448555681263744,0.056241426611796985,0.6351863438380555,0.589070511059982
3,14,syk,2,4,0.42482517482517484,0.27472527472527475,0.42437284567695,0.5130395990840009,0.00631960621713624,1.2198824641482309,0.017797230521738167,1.2214522270625168,0.01860918394539572,1.3586496531036267,0.023602571894586748,1.4886867309484775,0.028351007875173154,0.07999920998896665,0.00411522633744856,0.5264857599273082,0.4859963375061629
3,14,syk,3,4,0.42482517482517484,0.08791208791208792,0.2764530466295643,0.45134238338449784,0.007238544478255417,1.022898690963586,0.026331053750439853,0.9845676169618637,0.036031190588967116,1.1438835683879283,0.023713291108125416,1.2200498277630676,0.02835277663336832,0.034811021368512135,0.0,0.486350249950863,0.4614743660724756
3,14,syk,4,4,0.42482517482517484,-0.01098901098901099,0.1800923121479524,0.42770134581516744,0.004717929469812647,0.9492510918671218,0.0196442289572881,0.8892910912285563,0.033131428882691064,1.056198629737634,0.0142281020726422,1.1063221601925903,0.016264657832142315,0.025751943828408647,0.0,0.47026922755459327,0.4587993357413248
3,14,syk,5,4,0.42482517482517484,-0.04395604395604396,0.11731916609425078,0.42636772020716185,0.002060192267572362,0.9476664261690435,0.00909657446764271,0.8919809866842787,0.0156325310599922,1.0493027101326193,0.005816724999295997,1.0958269624879726,0.006357066781495909,0.020553129115597965,0.0,0.4636075700005218,0.45943483719784345
3,14,syk,6,4,0.42482517482517484,-0.03296703296703297,0.07642628699076807,0.4276146107830499,0.0028519294337546637,0.9530694191262259,0.012866582906478331,0.8997724545407194,0.021569612578151598,1.0526784440813968,0.007866574416941595,1.0990138478540854,0.008187026549641851,0.021587702663086045,0.0,0.46080921472954517,0.45913816036534233
3,14,syk,7,4,0.42482517482517484,0.0,0.049787068367863944,0.42908957487780836,0.0007817015653103147,0.9610573947342259,0.004030044309047954,0.9150367929384927,0.006014034981035432,1.0558908307264496,0.0017764963981097724,1.1017959389310834,0.0016164598725595793,0.02051627516309409,0.0,0.45962678521678524,0.45875700024897226
