Np,j,n_real,a,r,r_se,r_LMRS,ratio,ratio_se
5,-0.16666666666666666,60,0.9,0.8991584272334184,0.0010068933458648904,1.456270462185455,0.6174391712127656,0.0006914191917027726
6,0.0,60,0.9,0.9046220203764209,0.0006348095074689917,1.345125092372299,0.6725188798470817,0.00047193343657683497
7,-0.16666666666666666,60,0.7714285714285716,0.8036736611448894,0.0008579625782741175,1.1403795639086431,0.7047422512468597,0.0007523482579198952
8,0.0,60,0.7714285714285716,0.8186302452749994,0.0007968129726628821,1.110376298918999,0.7372547901751619,0.0007176062506364871
9,-0.16666666666666666,40,0.6428571428571429,0.7279625889879355,0.0009497683975654671,0.9565917600094891,0.7609960898897085,0.0009928670068787189
10,0.0,40,0.6428571428571429,0.7462530549838148,0.0007048435476882193,0.9568932869521216,0.7798707182498541,0.0007365957701859041
11,-0.16666666666666666,24,0.525974025974026,0.6660360078942165,0.001008489554968022,0.8333656792651162,0.7992121879575658,0.0012101404942153782
12,0.0,16,0.525974025974026,0.6874457950593982,0.0009469548415074674,0.8473757093108226,0.8112644574370715,0.0011175147353204558
13,-0.16666666666666666,10,0.42482517482517484,0.6170601244615465,0.0017636810292557916,0.743775379133759,0.8296323618297341,0.0023712549228368783
14,0.0,4,0.42482517482517484,0.6419519561991566,0.0036977266941964574,0.7646185277608996,0.839571541745191,0.0048360411890944355
15,-0.16666666666666666,3,0.3398601398601399,0.5768233311356427,0.0031001618220405066,0.675098179823039,0.8544288051359333,0.004592164391338072
16,0.0,2,0.33986013986013985,0.6012945896575664,0.004760748963773986,0.6994932361562043,0.8596145875001584,0.006805997138635463
