q,Np,model,X,w0,w1,w2,w3,w0_se,w1_se,w2_se,w3_se
3,5,haar,0.8615913214300499,0.8893504656060454,0.7888399077957813,0.6990611439885046,0.7002289087591591,0.00700340359188464,0.009100942219862556,0.012171296110789298,0.012603873471042519
3,5,syk,0.8646084601771901,0.9036188945678875,0.814266324961348,0.7346828874562156,0.7336734268193,0.0038105140757222996,0.00501055581620512,0.00703174352005968,0.007132806260851901
3,6,haar,0.9032889997556054,1.002881005752224,0.9049895397911717,0.8189978822931026,0.8208356474349243,0.0016610718400447342,0.0028541953024015664,0.00438302045043079,0.004336961761007839
3,6,syk,0.9056965677803557,0.9999381335405638,0.9085953358560127,0.8293005616694906,0.8333323348479439,0.0010411806025023306,0.0022728704658927937,0.003688371408470392,0.0036420866195134103
3,7,haar,0.7681656482731882,0.9772858084143192,0.7545387611294413,0.5861204061704098,0.5907885545965713,0.002483674935015869,0.0036566288819455837,0.004879409368149409,0.004851942424744731
3,7,syk,0.823416670440866,0.9604941732413235,0.8025507247400334,0.672509270963633,0.6519621448153468,0.0027555533515534712,0.0036356308177965236,0.004732149037893382,0.0048671510868225866
3,8,haar,0.7811643007049789,1.0088551714445098,0.7861215200296044,0.6156453489791008,0.61693545368737,0.0011870637115299766,0.0022235622747509964,0.0031387060487354595,0.0031182717289882016
3,8,syk,0.8495468926320104,0.993867986715191,0.8484341849307832,0.7258115498901603,0.7028973198520251,0.0009837904714429958,0.002329918848285637,0.0035842246276987367,0.0035554606168174047
3,9,haar,0.6482607351039384,1.003159739721839,0.6516624318531351,0.4284009286821332,0.43302310114547626,0.0013037872873292698,0.001599397896388036,0.00192274640765163,0.0018459782421843488
3,9,syk,0.7872004388792311,0.9748762364033808,0.7741182293302209,0.617081133870343,0.5808038812946307,0.0014678187465807643,0.002707428224209344,0.0038361873510425193,0.003543229029279482
3,10,haar,0.6520404365741104,1.0101899603539484,0.6567840877672572,0.4311916875466041,0.43444482077693125,0.0004083713025088768,0.000810361593764654,0.001072842118277296,0.0011079019858823483
3,10,syk,0.8104454971896553,0.9879963891798577,0.8042299859062243,0.655595822654621,0.6177686744862788,0.0009111023794966879,0.0017736198511315734,0.0025141080035345946,0.0024844843573884104
3,11,haar,0.533779921941404,1.0067099575626948,0.5365895415519106,0.2908061770198133,0.2956277885122321,0.0008952148895064659,0.0011126537423236708,0.0010905787836634883,0.0010031663306378394
3,11,syk,0.7609864973681818,0.9826748794348122,0.7529729675519107,0.5794419745262777,0.5317276237028693,0.001444467654173287,0.0026631082803057365,0.003698211182233807,0.003613936843877577
3,12,haar,0.5336782867226734,1.0085946611201209,0.5374207004412548,0.29091424953105915,0.2952151761418964,0.00037498711257107813,0.0005130181905291685,0.0004922142948887089,0.00045174822855554046
3,12,syk,0.7853159227747779,0.9869610521440426,0.7771823525356889,0.612824526653313,0.5636272149170287,0.0012799627603081699,0.0028851186322194737,0.004080316202837847,0.004165255409915094
3,13,haar,0.43192175562581603,1.0073493136574772,0.43413355358366745,0.19115280854999347,0.19587717169690458,0.0004071155506415441,0.0001702493629133882,0.00011207096380032947,0.00024551645021528566
3,13,syk,0.7455557515527363,0.9896507482025344,0.7416625771408643,0.5586058952187581,0.5020221204720225,0.0012232269506775042,0.0034031918867918846,0.004904639832281999,0.004791159911011353
3,14,haar,0.4317967303801913,1.00786284863709,0.43457185703725415,0.19110532644293432,0.1951232963367464,0.00045550168444363765,0.0003168006434798864,0.00025727233367410507,0.0003575441220044079
3,14,syk,0.7693717880596288,0.9856297454325509,0.7639466357736711,0.5933147395266445,0.5360383067787566,0.00022510915924779754,0.005713702656125371,0.008826547534979374,0.009486498931037994
3,15,haar,0.3463284014010807,1.0066266694487216,0.34757617803746776,0.12355073273951045,0.1283453813871075,0.00015212423066390812,0.0001612806033213787,1.894510790967363e-05,0.00013159922244204703
3,15,syk,0.73000312296685,0.9897281165740276,0.7272916841450573,0.537347273796555,0.47647448604565895,0.0021215196303650654,0.003652027715003265,0.006840822298057606,0.008068584498228884
3,16,haar,0.34571944813639116,1.0070871046390144,0.3475764119639138,0.12322543473763481,0.12713130244638335,nan,nan,nan,nan
3,16,syk,0.7546250951567094,0.986232650971242,0.7469820578802433,0.5662446976507789,0.5055247520129633,0.005958842046925927,0.008503382707789164,0.011115129134002533,0.010739957051951797
5,9,haar,0.9860834166430973,0.9819735622211146,0.9743415316034078,0.9668141759177942,0.9668265962227519,0.00012480461648883148,0.00017594502454626408,0.00023195173383001242,0.00023105771232114123
5,9,syk,0.9861095893926832,0.9818250156715994,0.9741673386632816,0.9666036245130524,0.966590169867302,0.0001507406411904462,0.00020860344052848695,0.0002682457468081442,0.00026455135032154285
5,10,haar,0.9922640740120345,1.0002542278400104,0.9924798347121788,0.9848192003558578,0.9848362888037208,1.4299746831253263e-05,2.346071294862236e-05,4.3143468769664474e-05,4.5025582164720555e-05
5,10,syk,0.9922594424506075,1.0001792787782864,0.9924248841857919,0.9847789204225099,0.9847775686961929,1.716029248795404e-05,3.053571151720343e-05,5.092513285358588e-05,4.906377565145638e-05
5,11,haar,0.9713363320542936,0.9910451592829611,0.9656249347472008,0.940951590345219,0.9409555431547979,6.0992175045537474e-05,8.200392162368517e-05,0.00010696079046805586,0.0001134449390949546
5,11,syk,0.9751809054657354,0.9905681247310565,0.9691706126537337,0.9483743919457629,0.9464770734103322,0.00010577364156809786,0.00012582330282412846,0.0001596699656680467,0.00016822332027340573
5,12,haar,0.9744526653582802,1.0005089445208402,0.9748700579525303,0.9499921309066478,0.9500038159285025,1.2160208472114409e-05,2.6665947367401293e-05,4.589098185302311e-05,4.803472751557448e-05
5,12,syk,0.9791601847340539,1.0001869468905946,0.979416206270721,0.9591660955286114,0.956982384350019,2.8739755425047024e-05,5.074695071145271e-05,8.156888765066444e-05,7.720624993461512e-05
5,13,haar,0.9458145296635653,0.9953559006208611,0.9430221883708525,0.8936041261490171,0.8936569454149753,1.2130208988311807e-05,2.2401589077585083e-05,3.547162418429443e-05,3.4013775918327176e-05
5,13,syk,0.9602222728901705,0.9940836783021512,0.956535454584922,0.9205329841831643,0.9146037756500858,8.635417135620888e-05,8.143637031877449e-05,0.00010513883750556137,0.00010688454815593143
5,14,haar,0.9475985785452457,1.0007607111299015,0.9482157699219448,0.8986005136476516,0.8986327568309245,6.137012522284395e-06,8.941424853697294e-06,1.5039602012899807e-05,1.7767801115874336e-05
5,14,syk,0.9640871327370679,0.9997274071946712,0.9640030670900664,0.9295753761186779,0.9231755554462309,3.1481775576597295e-05,8.535515967584211e-05,0.0001405782468340273,0.00012075259692980014
5,15,haar,0.9126905548573991,0.9976462958201321,0.9114035083364065,0.8328379757507426,0.8329065328872347,2.6792963504136742e-05,4.12503317905809e-05,5.6248988201564694e-05,5.521306400600502e-05
5,15,syk,0.944941151871185,0.9955875573857694,0.9423240252074774,0.8919229077988385,0.8806098224218541,0.0001160530851458053,7.527830295713442e-05,0.00016252296817887126,0.0001436221013483772
5,16,haar,0.9137571675421013,1.0009463705838055,0.9145019047053062,0.8357631961296553,0.8358323912342077,2.1395185123562754e-06,1.1583222751521126e-05,2.3160474531103145e-05,1.8370729317651602e-05
5,16,syk,0.9492232935679172,0.9990742723836343,0.9488012986539034,0.900911981244071,0.889143086906845,5.0004675425036075e-05,9.447398496182619e-05,0.00013539621144922616,7.699339737693431e-05
5,17,haar,0.8743617703419595,0.9989837150061996,0.8739199616780321,0.764800163944768,0.7649143662133558,nan,nan,nan,nan
5,17,syk,0.9306071109554959,0.9957741039155442,0.9279475216701745,0.8645179197814234,0.8474458593471292,4.927461051185133e-05,3.6563395385269533e-06,0.00011093375360105016,0.0003760183162426766
