q,Np,model,n,d,a,b,r,r_se,rho4,rho4_se,rho6,rho6_se,X,X_se,F,F_se,c,c_se,atoms_frac,w0,w1,w2,w3,r_k2,X_k2,r_k3,X_k3
3,5,haar,30,9.0,0.8999999999999998,0.6000000000000001,0.8962276103449519,0.0013164595241568994,0.7149980405765007,0.003344236948962388,0.5763664550799211,0.0039604002575298475,0.8615913214300499,0.002872112721094347,0.9638473768958437,0.001296238099767092,-0.24994656528848075,8.071192731296408e-06,0.8888888888888891,0.8893504656060454,0.7888399077957813,0.6990611439885046,0.7002289087591591,0.8850739815843875,0.6305995091919809,,
3,5,syk,60,9.0,0.9,0.6000000000000001,0.8991584272334184,0.0010068933458648904,0.7224143066102773,0.0025782652638107104,0.5847818899005252,0.0030903330370787943,0.8646084601771901,0.0023868191907716204,0.961060994509045,0.0009011377154980332,-0.24992843187787342,6.2779351618136095e-06,0.8888888888888888,0.9036188945678875,0.814266324961348,0.7346828874562156,0.7336734268193,0.9224140813098959,0.6462484049687454,,
3,6,haar,30,18.0,0.8999999999999998,0.5,0.8987942507641425,0.0005321582464955087,0.7239573052882439,0.0016808111994924457,0.5810213323070621,0.002475741765747638,0.9032889997556054,0.0013824753596130507,1.0021860629990245,0.0006145798394324132,-0.19996414516222155,7.732970615206825e-05,0.8888888888888891,1.002881005752224,0.9049895397911717,0.8189978822931026,0.8208356474349243,0.899459707126475,0.4120758602560858,0.8768240068991546,0.08827851876150694
3,6,syk,60,18.0,0.9,0.5,0.9046220203764209,0.0006348095074689917,0.7446866972971223,0.0020571361356399274,0.6155283884331122,0.0031765490252167205,0.9056965677803557,0.0015861690884482079,0.998893114046606,0.0003778636686030725,-0.19977433995695484,0.0001006714490306376,0.8888888888888888,0.9999381335405638,0.9085953358560127,0.8293005616694906,0.8333323348479439,0.9028059762033467,0.40823946440352726,0.8872961559946744,0.11418685121107265
3,7,haar,30,27.0,0.7714285714285717,0.5714285714285714,0.7705512317922928,0.0009089366034020168,0.45655049675756937,0.002225489173588448,0.270151846813109,0.0029061681010734393,0.7681656482731882,0.0020541224030363545,0.9937021971800902,0.0007625240078288717,-0.16630870998108283,0.0007317988834534114,0.7037037037037035,0.9772858084143192,0.7545387611294413,0.5861204061704098,0.5907885545965713,0.7695524571335688,0.6287133060109161,0.7749759961154551,0.19817211823045255
3,7,syk,60,27.0,0.7714285714285716,0.5714285714285712,0.8036736611448894,0.0008579625782741175,0.5128354644081197,0.0026195177864410707,0.3119492724909262,0.004309757749163329,0.823416670440866,0.0020373073007384735,0.985035927124688,0.0008278294698529568,-0.16653791406281923,0.0007351091292844309,0.7407407407407406,0.9604941732413235,0.8025507247400334,0.672509270963633,0.6519621448153468,0.783392451770517,0.6484580725956247,0.7545480396282825,0.2306434150826649
3,8,haar,30,54.0,0.7714285714285717,0.5,0.77195869696845,0.0004256443108717836,0.46033558354230614,0.0010114840106712818,0.2745528549172334,0.0011358381103462655,0.7811643007049789,0.0011865959949029544,1.00429195375512,0.00034186673181793364,-0.14279132790727767,0.00045649795882473976,0.7037037037037035,1.0088551714445098,0.7861215200296044,0.6156453489791008,0.61693545368737,0.7700529119292331,0.5142000075980324,0.7671465719122076,0.11481567054505454
3,8,syk,60,54.0,0.7714285714285716,0.5,0.8186302452749994,0.0007968129726628821,0.5618212035181247,0.0019631830186952162,0.3896289075659326,0.002417790253545152,0.8495468926320104,0.0016448881790423497,0.9964052865104042,0.0003057716743240219,-0.1437266714478049,0.0008498726280676121,0.7407407407407406,0.993867986715191,0.8484341849307832,0.7258115498901603,0.7028973198520251,0.7966391198065349,0.5602699298081107,0.7769919645488227,0.15089106171412056
3,9,haar,20,81.0,0.6428571428571428,0.5555555555555556,0.642237821691296,0.0004243115302232471,0.26464876651385316,0.0007038480906199265,0.10901271249856206,0.0005891404766073167,0.6482607351039384,0.000867065466810448,1.0015119341061127,0.0003645264258179892,-0.12524115186957024,0.0003125580200074747,0.4444444444444445,1.003159739721839,0.6516624318531351,0.4284009286821332,0.43302310114547626,0.6417456909252243,0.5492984249726184,0.6405926591004976,0.1778052848617067
3,9,syk,40,81.0,0.6428571428571429,0.5555555555555556,0.7279625889879355,0.0009497683975654671,0.3862736195145275,0.001940934350183129,0.19505433483593362,0.0021515981038012113,0.7872004388792311,0.0019779287591260917,0.9906195739334667,0.0004964812261545316,-0.12565104033167634,0.0007003132967888594,0.5555555555555555,0.9748762364033808,0.7741182293302209,0.617081133870343,0.5808038812946307,0.7033539827005757,0.6420120266720672,0.6683647822067299,0.23761430875026837
3,10,haar,20,162.0,0.6428571428571428,0.5,0.6427958378738117,0.0001824967800643848,0.265499664223434,0.0003093074636062011,0.10962228139644281,0.00024829663728721487,0.6520404365741104,0.0004939341583748391,1.0045772333798868,0.00014304777355233052,-0.11107245120926315,0.00016701251112125328,0.4444444444444445,1.0101899603539484,0.6567840877672572,0.4311916875466041,0.43444482077693125,0.6435806540901308,0.4870569445339947,0.6411482802993052,0.11714822455116344
3,10,syk,40,162.0,0.6428571428571429,0.5,0.7462530549838148,0.0007048435476882193,0.4346570626550708,0.0014056835440712314,0.2574678266792564,0.0014546702065523888,0.8104454971896553,0.0013050589745560264,0.9947708817739727,0.00020893335235928564,-0.11226070233433576,0.0006793017621460498,0.5555555555555555,0.9879963891798577,0.8042299859062243,0.655595822654621,0.6177686744862788,0.7173008127305878,0.586356828488175,0.6885750294943775,0.17829709936887606
3,11,haar,12,243.0,0.5259740259740261,0.5454545454545453,0.5258848816570134,0.0001873954729501967,0.14541306642455556,0.0002606731342033536,0.040183497464584376,0.00016301359960851496,0.533779921941404,0.0004913663277538082,1.0030813241902716,0.00021481356202784528,-0.1003181869896329,0.0001844359495878182,0.13580246913580243,1.0067099575626948,0.5365895415519106,0.2908061770198133,0.2956277885122321,0.5267851225842529,0.4648696703773966,0.5270126554576354,0.20325582565652814
3,11,syk,24,243.0,0.525974025974026,0.5454545454545454,0.6660360078942165,0.001008489554968022,0.30133983860218144,0.0017657549993589149,0.13021170266267043,0.00159001731243961,0.7609864973681818,0.001845945634819482,0.993286582519794,0.00042721942124595143,-0.101279663292289,0.0010448394304322455,0.3292181069958848,0.9826748794348122,0.7529729675519107,0.5794419745262777,0.5317276237028693,0.636918185007115,0.6430204110467018,0.6009961640134863,0.31015109541286445
3,12,haar,8,486.0,0.525974025974026,0.5,0.5261105761169718,0.00013542022011648822,0.14565684583580518,0.00014976424452856977,0.04032775851319409,8.284781753169755e-05,0.5336782867226734,0.0003415031474825265,1.003688021522649,0.0001151784764429105,-0.09092739513966153,0.0001328823330947786,0.09876543209876543,1.0085946611201209,0.5374207004412548,0.29091424953105915,0.2952151761418964,0.525646781730236,0.43179739701354347,0.5268144360452455,0.16071334941681642
3,12,syk,16,486.0,0.525974025974026,0.5,0.6874457950593982,0.0009469548415074674,0.34776823333950757,0.0016105202588852876,0.1801402767186442,0.0014616114008937026,0.7853159227747779,0.0018718834379268,0.9946058125692137,0.0003515452529865622,-0.09134980459591956,0.0010478933690362304,0.3292181069958848,0.9869610521440426,0.7771823525356889,0.612824526653313,0.5636272149170287,0.6459611415278697,0.608096479529918,0.6007653137782886,0.262064063583463
3,13,haar,5,729.0,0.42482517482517484,0.5384615384615384,0.4247865383510626,9.717435629344421e-05,0.07656603571335337,8.050645510903815e-05,0.013786001829814256,3.348429994799283e-05,0.43192175562581603,0.00013234306433958657,1.0032482459422272,0.00010949011235155927,-0.08328445549696355,8.229900498675487e-05,0.0,1.0073493136574772,0.43413355358366745,0.19115280854999347,0.19587717169690458,0.42533731777603023,0.3892736553443859,0.4254528744978499,0.20717553847715867
3,13,syk,10,729.0,0.42482517482517484,0.5384615384615384,0.6170601244615465,0.0017636810292557916,0.2458041837201212,0.0023770069611631223,0.09464016382275726,0.001648267494104371,0.7455557515527363,0.002671036997378153,0.9954886958015656,0.00045740739202314106,-0.082406124809185,0.0022174935678640454,0.056241426611796985,0.9896507482025344,0.7416625771408643,0.5586058952187581,0.5020221204720225,0.5744070906472073,0.6379221812211152,0.5385692792597832,0.36009462506651185
3,14,haar,2,1458.0,0.42482517482517484,0.5,0.42490500499267536,1.942563500914596e-05,0.0767789323518071,7.970413167315837e-06,0.013884464824795698,1.294334978974021e-05,0.4317967303801913,4.380219520236372e-05,1.0033540427548107,3.7429422934831535e-05,-0.07685145634986783,3.3091392974179956e-05,0.0,1.00786284863709,0.43457185703725415,0.19110532644293432,0.1951232963367464,0.42555296917121294,0.36625778905563144,0.4249011677456683,0.18097089454108517
3,14,syk,4,1458.0,0.42482517482517484,0.5,0.6419519561991566,0.0036977266941964574,0.2904746694751851,0.005543717939814309,0.13564795565212004,0.004453266992003398,0.7693717880596288,0.0032578832950795273,0.9940250975245377,0.00010408482232493857,-0.08156732823184658,0.005525384133911318,0.056241426611796985,0.9856297454325509,0.7639466357736711,0.5933147395266445,0.5360383067787566,0.593638339505119,0.6368124789529903,0.5479986703502867,0.34990796310165617
3,15,haar,2,2187.0,0.33986013986013985,0.5333333333333333,0.3398194054395286,7.184417854613767e-05,0.039223611239760287,2.877995664478036e-05,0.004528272171924105,4.0798069548615874e-06,0.3463284014010807,0.0003397139053993581,1.0030118677908741,6.173704705181303e-05,-0.07127034505476426,1.8022303444074902e-05,0.0,1.0066266694487216,0.34757617803746776,0.12355073273951045,0.1283453813871075,0.3400056758833584,0.31528684150969344,0.33982507092745307,0.19292703757696533
3,15,syk,3,2187.0,0.3398601398601399,0.5333333333333333,0.5768233311356427,0.0031001618220405066,0.205131339101694,0.003079210788696101,0.07046907338175394,0.0013821604942647703,0.73000312296685,0.003032494696646878,0.9952124211743131,0.0005351381234519357,-0.0742232337158254,0.007340593627589548,0.0,0.9897281165740276,0.7272916841450573,0.537347273796555,0.47647448604565895,0.5334939296344131,0.6316799116284605,0.4868319611827765,0.39973060929715665
3,16,haar,1,4374.0,0.33986013986013985,0.5,0.339836297474967,nan,0.03925352892735978,nan,0.0045355154825901245,nan,0.34571944813639116,nan,1.0029827401377613,nan,-0.06659714672614965,nan,0.0,1.0070871046390144,0.3475764119639138,0.12322543473763481,0.12713130244638335,0.34003611874033224,0.30217149050420267,0.3398193849378551,0.17116771540140588
3,16,syk,2,4374.0,0.33986013986013985,0.5,0.6012945896575664,0.004760748963773986,0.24533539213070998,0.00727903057221746,0.10400540653401635,0.005549592181921303,0.7546250951567094,0.0015817536583382363,0.9946402448478988,0.0007705351516887892,-0.06007836250069558,0.0031042493754718688,0.0,0.986232650971242,0.7469820578802433,0.5662446976507789,0.5055247520129633,0.5486826333784162,0.621406297149572,0.5009470161270665,0.37344208783246785
5,9,haar,10,125.0,0.9920634920634921,0.5555555555555556,0.9920559251612326,3.7784330176113565e-05,0.9763506115925639,0.00021714106293177173,0.9608946197151846,0.0005589276960334835,0.9860834166430973,8.268140002859435e-05,0.9939160420574501,4.35382041029875e-05,-0.1250208706399045,4.3438814199860006e-05,0.9920000000000002,0.9819735622211146,0.9743415316034078,0.9668141759177942,0.9668265962227519,0.9922027737115906,0.8104317078557312,0.9920215228345605,0.25061955453055684
5,9,syk,20,125.0,0.9920634920634924,0.5555555555555556,0.9920650087198389,2.4476978712142472e-05,0.976362097864828,0.00014362993422635786,0.9608616518848503,0.0003752776842292698,0.9861095893926832,6.443779437644141e-05,0.9939091813632077,3.613559229746183e-05,-0.1250127303335542,3.4145961467650354e-05,0.9920000000000002,0.9818250156715994,0.9741673386632816,0.9666036245130524,0.966590169867302,0.9919720336922699,0.8098857407277859,0.9918349607099092,0.25014990985557195
5,10,haar,10,250.0,0.9920634920634921,0.5,0.9920590771933313,9.030769499190218e-06,0.9763609307633617,3.5554341477024194e-05,0.9609078765353274,6.557616052897956e-05,0.9922640740120345,1.5130517238110953e-05,1.0001044532990964,5.038819429072725e-06,-0.11107614183196199,1.5422356687469192e-05,0.9920000000000002,1.0002542278400104,0.9924798347121788,0.9848192003558578,0.9848362888037208,0.9923253743692945,0.731333081181719,0.9923658871902644,0.17244876460837458
5,10,syk,20,250.0,0.9920634920634924,0.5,0.9920942338550572,8.199712431796626e-06,0.9765001561862011,3.2240374688149474e-05,0.9611662921191725,5.9457519274482e-05,0.9922594424506075,1.4142017189465559e-05,1.0000676155143926,5.463876954697629e-06,-0.11110097453067642,2.7225375838107856e-05,0.9920000000000002,1.0001792787782864,0.9924248841857919,0.9847789204225099,0.9847775686961929,0.9916365357334446,0.7303839443894253,0.9913870159395971,0.17228913201518917
5,11,haar,10,450.0,0.974025974025974,0.5454545454545453,0.9740321423282354,1.6434618140763143e-05,0.9241142211300832,8.585778284154944e-05,0.8767699007389249,0.0002026348098315752,0.9713363320542936,2.9920625649702017e-05,0.9970322717167847,1.4266766422045041e-05,-0.0999470688783284,2.2990756391784756e-05,0.9733333333333334,0.9910451592829611,0.9656249347472008,0.940951590345219,0.9409555431547979,0.9739837610449469,0.8267305201834816,0.9736020138908377,0.35684056486669624
5,11,syk,20,450.0,0.974025974025974,0.5454545454545453,0.9760614006643393,1.9092238628692523e-05,0.9290485252698657,0.00011044895106430009,0.8828062656149823,0.0002958069657470895,0.9751809054657354,4.537466372118821e-05,0.996838135835666,3.402971746743574e-05,-0.10008224893236313,6.100637556429521e-05,0.9755555555555555,0.9905681247310565,0.9691706126537337,0.9483743919457629,0.9464770734103322,0.9761522119835371,0.8302399204122513,0.9754486708758561,0.3596123311821742
5,12,haar,10,900.0,0.974025974025974,0.5,0.9740273640973989,4.501401150131564e-06,0.9240897623664954,1.710959167790864e-05,0.8767130000627255,3.0457478893534776e-05,0.9744526653582802,1.2179102554845314e-05,1.0002119775360019,3.5078837424427395e-06,-0.0909205147763964,1.0419384219649665e-05,0.9733333333333334,1.0005089445208402,0.9748700579525303,0.9499921309066478,0.9500038159285025,0.9739911566652276,0.7748294773207036,0.973968011935864,0.2872527338816354
5,12,syk,20,900.0,0.974025974025974,0.5,0.9766295073511913,1.4958355412739773e-05,0.9319679273524135,5.634163685995996e-05,0.8895586416028483,0.0001000559243035863,0.9791601847340539,2.9725672294937796e-05,1.0000332738032842,6.466322957669572e-06,-0.09089673323386113,4.368336546938828e-05,0.9755555555555555,1.0001869468905946,0.979416206270721,0.9591660955286114,0.956982384350019,0.9757557997227618,0.777570332400599,0.9751997100054224,0.29001660947889296
5,13,haar,10,1625.0,0.946969696969697,0.5384615384615384,0.9469655955202148,6.006925424215544e-06,0.8491826298031666,2.2419899015695188e-05,0.7614965491351069,4.01429046886562e-05,0.9458145296635653,1.5186603996885122e-05,0.9984887234453202,2.6763750922178825e-06,-0.08332308996315954,1.976365413912224e-05,0.9439999999999997,0.9953559006208611,0.9430221883708525,0.8936041261490171,0.8936569454149753,0.9471702631316674,0.8259214056268863,0.9472838398815195,0.43817522997341063
5,13,syk,20,1625.0,0.9469696969696967,0.5384615384615384,0.9549557529441038,1.4225911629176008e-05,0.8697910632085266,4.239462061524651e-05,0.7894966568164933,0.00012303648583158344,0.9602222728901705,2.5553083545800155e-05,0.9980043270622032,2.672997200984933e-05,-0.08341139819060941,5.860634810391892e-05,0.9519999999999996,0.9940836783021512,0.956535454584922,0.9205329841831643,0.9146037756500858,0.9527835006452564,0.8356920837049533,0.9503857556566349,0.44403258985197186
5,14,haar,10,3250.0,0.946969696969697,0.5,0.9469711295086499,2.2680051912507476e-06,0.8492022377408045,8.156879089848314e-06,0.7615283814301007,1.3738861285214216e-05,0.9475985785452457,5.4093143763471925e-06,1.0003130067515251,2.1857629423612375e-06,-0.07692158304516843,5.977302987962901e-06,0.9439999999999997,1.0007607111299015,0.9482157699219448,0.8986005136476516,0.8986327568309245,0.9469712395121531,0.7888262057010428,0.9468934618564298,0.3820395551652914
5,14,syk,20,3250.0,0.9469696969696967,0.5,0.9564331209118999,2.991232892081353e-05,0.8768279585497625,0.00010649162659211982,0.804672532480601,0.00018008716474656573,0.9640871327370679,5.345481129645566e-05,0.9998396414170481,6.416472309535533e-06,-0.07687944057337238,4.989290392194598e-05,0.9519999999999996,0.9997274071946712,0.9640030670900664,0.9295753761186779,0.9231755554462309,0.9529541743203744,0.7994599354527419,0.9501684927602323,0.38823829159416584
5,15,haar,4,5875.0,0.912975912975913,0.5333333333333333,0.912976357146328,4.62229531870319e-06,0.7609862878416487,2.0132275815210277e-05,0.6342939364661562,3.964425802122111e-05,0.9126905548573991,1.1735127464945581e-05,0.999272575086842,4.828120501831855e-06,-0.07143641831792139,6.225584117014848e-06,0.9046808510638299,0.9976462958201321,0.9114035083364065,0.8328379757507426,0.8329065328872347,0.9130475062325047,0.8117656080051907,0.9129495899093256,0.4886236216800684
5,15,syk,8,5875.0,0.912975912975913,0.5333333333333333,0.9316064947296449,5.130116666447187e-05,0.8087327835313365,0.0001228828002075702,0.6990466717218029,0.00012106774430380121,0.944941151871185,8.098260259768344e-05,0.9984256470316104,2.8513941682508527e-05,-0.07149875657466391,8.48157133478286e-05,0.9225531914893618,0.9955875573857694,0.9423240252074774,0.8919229077988385,0.8806098224218541,0.9250408979357978,0.8348813854400747,0.9185557538846523,0.501758005891052
5,16,haar,2,11750.0,0.912975912975913,0.5,0.9129774510332959,8.70810035236147e-06,0.7609937409896187,2.9053817327096e-05,0.6343116442892529,4.545630937896616e-05,0.9137571675421013,1.7481913289318918e-05,1.0003889853861028,1.54718958533806e-07,-0.06665931002984038,7.57563391332039e-06,0.9046808510638298,1.0009463705838055,0.9145019047053062,0.8357631961296553,0.8358323912342077,0.9129471966346704,0.7846360340985125,0.9129698826514052,0.44462562330713934
5,16,syk,4,11750.0,0.912975912975913,0.5,0.9340537285580272,4.636617209701412e-05,0.8195756273760326,0.00015643768422876132,0.7209604440434931,0.0002520996674369676,0.9492232935679172,6.02287539678972e-05,0.9995424884617671,1.8296432953756e-05,-0.06664570245929645,0.00020648563691012602,0.9225531914893617,0.9990742723836343,0.9488012986539034,0.900911981244071,0.889143086906845,0.9270861154778002,0.8087199990155179,0.9220570797763505,0.4580496861076799
5,17,haar,1,21250.0,0.8741258741258742,0.5294117647058824,0.874127230359878,nan,0.6679175893311744,nan,0.5103507004507161,nan,0.8743617703419595,nan,0.999736327463575,nan,-0.06250164105861512,nan,0.856,0.9989837150061996,0.8739199616780321,0.764800163944768,0.7649143662133558,0.874102459504002,0.7885199381567753,0.8927057829027267,0.5174723320783514
5,17,syk,2,21250.0,0.8741258741258742,0.5294117647058824,0.9077085328879109,0.00023646649082875726,0.7507488651664621,0.0006276422314682728,0.618329029816088,0.0007744363164745581,0.9306071109554959,0.00036098781056609347,0.998473079693567,1.5906852750047218e-05,-0.06232501762501301,0.00019127944951248183,0.888,0.9957741039155442,0.9279475216701745,0.8645179197814234,0.8474458593471292,0.898388912192087,0.8288584659810165,0.9085858378755789,0.5372885913633084
