Np,P,j,lam,r,r_se,r_chord,r_lmrs,a_exact,a_chord
5,2,-0.16666666666666666,3.6,0.8991584272334184,0.0010068933458648904,0.909338090046556,1.456270462185455,0.9,0.9010584944389234
6,3,0.0,3.0,0.9046220203764209,0.0006348095074689917,0.9132993087986739,1.345125092372299,0.9,0.9004381516852197
7,3,-0.16666666666666666,2.5714285714285716,0.8036736611448894,0.0008579625782741175,0.8206197392947393,1.1403795639086431,0.7714285714285715,0.7876700318240689
8,4,0.0,2.25,0.8186302452749994,0.0007968129726628821,0.8320730117390421,1.110376298918999,0.7714285714285715,0.789448367273989
9,4,-0.16666666666666666,2.0,0.7279625889879355,0.0009497683975654671,0.7390827350015791,0.9565917600094891,0.6428571428571429,0.6682803568553263
10,5,0.0,1.8,0.7462530549838148,0.0007048435476882193,0.7559603210669225,0.9568932869521216,0.6428571428571429,0.670895210902185
11,5,-0.16666666666666666,1.6363636363636365,0.6660360078942165,0.001008489554968022,0.6699996363976911,0.8333656792651162,0.525974025974026,0.5560100897967224
12,6,0.0,1.5,0.6874457950593982,0.0009469548415074674,0.690419559578681,0.8473757093108226,0.525974025974026,0.5586944422138028
13,6,-0.16666666666666666,1.3846153846153846,0.6170601244615465,0.0017636810292557916,0.6126025748364607,0.743775379133759,0.42482517482517484,0.45630653006454347
14,7,0.0,1.2857142857142858,0.6419519561991566,0.0036977266941964574,0.6351863438380556,0.7646185277608996,0.42482517482517484,0.45875700024897226
15,7,-0.16666666666666666,1.2,0.5768233311356427,0.0031001618220405066,0.5648235655019873,0.675098179823039,0.33986013986013985,0.3707141711903877
16,8,0.0,1.125,0.6012945896575664,0.004760748963773986,0.5886347908315597,0.6994932361562043,0.33986013986013985,0.37283295822373835
8,3,-0.3333333333333333,2.25,0.5611524436398447,0.007219831752687844,0.5725300706992146,0.7642517354689949,0.4821428571428573,0.5066004532762323
10,4,-0.3333333333333333,1.8,0.518587409287488,0.006011048601697059,0.5081203056940796,0.6431759573482319,0.38571428571428584,0.40969539682864164
12,5,-0.3333333333333333,1.5,0.48103414536322403,0.002562728468889693,0.458231959933178,0.5624034727419385,0.30681818181818193,0.3300078405365584
14,6,-0.3333333333333333,1.2857142857142858,0.4492530501085429,0.003260554865547406,0.41839974722323703,0.5036596819086582,0.24275724275724286,0.26460283767163145
